id;nome;cep;logradouro;numero;complemento;bairro;cidade;estado
1;customized Filmes Strategist;Forward Unidos;Peixe e-markets;back-end Forward;Eletrônicos;Avenida Integration;ouro bandwidth-monitored;Buckinghamshire Ceará
2;Rústico quantifying;motivating Benin cross-platform;repurpose circuit;Bacon prata Borracha;Benin Boliviano Mato;Inteligente wireless petróleo;Quetzal amarelo;motivating Vatu copy
3;Money backing Pequeno;interactive Rodovia Centralized;Facilitator;Account;Agent RSS Buckinghamshire;mobile discrete transform;Marginal Travessa coral;disintermediate
4;Alameda proactive;Creative Buckinghamshire Avenida;Rústico Savings Malásia;Madeira;Secured Avon cinza;de;monitoring;program
5;Configurable Fresco;Technician scale bypassing;Chapéu JSON;Fresco Account;Internal;Mobility Bebê;Versatile interface SSL;Refinado Profound
6;deposit;solutions Marginal;Mobility Sabonete Rua;reboot Buckinghamshire Human;Mouse parsing Berkshire;online FTP platforms;Beleza;laranja Buckinghamshire program
7;Savings;Ergonômico;payment;contingency;bypassing compressing;RSS Polarised;attitude Loan;24/7 Analyst solid
8;web-enabled Camiseta;calculating;withdrawal e-business system;Usability Borders;Fantástico;Reduced;Travessa Analyst;Toalhas copy
9;Planner matrix;Algodão;Bulgária Dollar;1080p Nepal Creative;Travessa;Saúde à Mato;enterprise;Interface Legacy
10;Cambridgeshire Filmes;metrics;sexy;Licenciado;Stand-alone;Plástico Market Pequeno;interface;Teclado innovate
